script,input_output_path_assignments,cli_options
build_final_paper_master.py,REPO_ROOT = Path(__file__).resolve().parents[1],--wide-master --study-master --posture-master --output-csv --audit-md
build_master_analysis_table.py,REPO_ROOT = Path(__file__).resolve().parents[1] | REVISION_DIR = Path(__file__).resolve().parent,--master-csv --output-csv --audit-md --keep-cohorts --bsi-run-root --ss-run-root --respiratory-csv --macrostructure-csv --sleep-general-csv --timing-csv --outcomes-csv --audit-title
build_mortality_followup_table.py,REPO_ROOT = Path(__file__).resolve().parents[1],
build_revision_cognition_disease_figure_v3.py,REPO_ROOT = Path(__file__).resolve().parents[1],
build_revision_figures.py,REPO_ROOT = Path(__file__).resolve().parents[1],--master-csv --physiology-dir --phase1-dir --output-dir --refresh-figure4-results --figure4-only --figure4-color-quantile --figure4-axis-quantile --figure4-xmax-bsi --figure4-xmax-bsi-mean --figure4-ymax-ss --figure4-ymax-ahi --figure4-ymax-hypoxic-burden --figure4-ymax-arousal-index --figure4-ymax-bsi-stable-windows --figure4-ymax-bsi-unstable-windows
build_revision_mortality_manuscript_table_v1.py,REPO_ROOT = Path(__file__).resolve().parents[1],
build_revision_mortality_summary_figure_v1.py,REPO_ROOT = Path(__file__).resolve().parents[1],
build_revision_mortality_summary_figure_v2.py,,
build_revision_mortality_summary_figure_v3.py,"BSI_PREDICTIONS_EXTRA = [     Path(__file__).resolve().parents[1]     / ""REVISION""     / ""mortality_bsi_score_cv_all_study_type_original_style_50fold_s0001_probe_v1""     / ""bsi_score_oof_predictions.csv"" ] | BSI_RESULTS_EXTRA = [     Path(__file__).resolve().parents[1]     / ""REVISION""     / ""mortality_bsi_score_cv_all_study_type_original_style_50fold_s0001_probe_v1""     / ""bsi_score_cv_results.csv"" ] | COMPARATOR_RESULTS_EXTRA = [     Path(__file__).resolve().parents[1]     / ""REVISION""     / ""mortality_comparator_all_study_type_s0001_probe_v1""     / ""comparator_all_study_type_results.csv"" ]",
build_revision_tables_v2.py,"MASTER_CSV = Path(""REVISION/master_analysis_table_primary_cohorts_v4_paper.csv"") | OUTPUT_DIR = Path(""REVISION/revision_tables_v2"") | MORTALITY_SELECTED_CSV = Path(""REVISION/mortality_v2/selection_one_row_per_subject.csv"")",
build_sleep_general_revision_features.py,,--input-csv --output-csv --audit-md --audit-title
build_stage_ahi_anova_mixed_v1.py,"DEFAULT_MASTER = Path(""REVISION/master_analysis_table_primary_cohorts_v4_paper.csv"") | DEFAULT_OUTDIR = Path(""REVISION/stage_ahi_anova_mixed_v1"")",--master-csv --output-dir --min-stage-minutes --plot-only
build_window_sensitivity_v1.py,"OUTDIR = Path(""REVISION/window_sensitivity_v1"") | ANALYSIS_DIRS = {     1.0: Path(""analysis_cog_dx_1_90""),     2.0: Path(""analysis_cog_dx_2_90""),     5.0: Path(""analysis_cog_dx_5_90""), } | SAMPLE_SUMMARY = Path(""stability_index_samples/summary_stability.csv"")",
enrich_primary_revision_master.py,"REPO_ROOT = Path(__file__).resolve().parents[1] | DEFAULT_MROS_TABLE = Path(""/home/wolfgang/repos/sleep_cognition/step0a_prepare_data_cohorts/mros_table_all.csv"")",--input-csv --output-csv --audit-md --bmi-primary-csv --bmi-alternative-csv --mros-table-csv
identify_paradox_breathing_examples_v1.py,"REPO = Path(__file__).resolve().parents[1] | DEFAULT_ANNOTATION_CACHE_DIRS = [     Path(""/media/cdac_sleep/WolfgangGanglberger/psg_annotation_harmonization/cache/annotation_csvs""),     Path(""/d/cdac_sleep/WolfgangGanglberger/psg_annotation_harmonization/cache/annotation_csvs""), ] | DEFAULT_EDF_DIRS = [     Path(""/home/wolfgang/repos/sleep-clinic-tools/input_files""),     Path(""/home/wolfgang/repos/bdsp-sleep-data""), ]",--outdir --master --include-nondiagnostic --n-examples --max-per-recording --min-recordings --overview-example-ids --exclude-fileid --allow-unannotated-selection
merge_body_position_into_primary_master.py,REPO_ROOT = Path(__file__).resolve().parents[1],--master-csv --body-position-csv --output-csv --audit-md
merge_bsi_ss_into_primary_master.py,REPO_ROOT = Path(__file__).resolve().parents[1],--master-csv --output-csv --audit-md --bsi-run-root --ss-run-root --bsi-summary-csv --ss-summary-csv
merge_sleep_general_into_primary_master.py,REPO_ROOT = Path(__file__).resolve().parents[1],--master-csv --sleep-general-csv --output-csv --audit-md
merge_study_type_classifications.py,,--master --classifications --backup --audit
merge_survival_into_primary_master.py,"REPO_ROOT = Path(__file__).resolve().parents[1] | DEFAULT_MGH_SURVIVAL = Path(""/home/wolfgang/repos/sleep_cognition/survival_analysis/data_mgh_survival.csv"") | DEFAULT_BIDMC_SURVIVAL = Path(""/home/wolfgang/repos/sleep_cognition/survival_analysis/data_bidmc_survival.csv"") | DEFAULT_MROS_SURVIVAL = Path(""/home/wolfgang/repos/sleep_cognition/survival_analysis/data_mros_survival.csv"")",--master-csv --output-csv --audit-md --mgh-survival-csv --bidmc-survival-csv --mros-survival-csv
run_overlap_sensitivity_v1.py,REPO_ROOT = Path(__file__).resolve().parents[1],
run_revision_cognition_disease_target_bsi_v1.py,REPO_ROOT = Path(__file__).resolve().parents[1],
run_revision_mortality_bsi_score_cv_v1.py,REPO_ROOT = Path(__file__).resolve().parents[1],--master-csv --selection-csv --output-dir --selection-mode --n-splits --random-state --ridge-alpha --feature-set
run_revision_mortality_cohort_models_v1.py,REPO_ROOT = Path(__file__).resolve().parents[1],--selection-csv --output-dir
run_revision_mortality_comparator_all_study_type_v1.py,REPO_ROOT = Path(__file__).resolve().parents[1],--selection-csv --bsi-score-csv --output-dir
run_revision_mortality_v2.py,"REPO_ROOT = Path(__file__).resolve().parents[1] | DEFAULT_MGH_DISEASE = Path(""/home/wolfgang/repos/sleep_cognition/disease_groups/bdsp_disease_cohorts_sex-age.csv"") | DEFAULT_BIDMC_SURVIVAL = Path(""/home/wolfgang/repos/sleep_cognition/survival_analysis/data_bidmc_survival.csv"") | DEFAULT_MROS_TABLE = Path(""/home/wolfgang/repos/sleep_cognition/step0a_prepare_data_cohorts/mros_table_all.csv"")",--master-csv --output-dir --mgh-disease-csv --bidmc-survival-csv --mros-table-csv
run_revision_osa_csa_ahi_strata_v1.py,"DEFAULT_MASTER = Path(""REVISION/master_analysis_table_primary_cohorts_v4_paper.csv"") | DEFAULT_OUTPUT_DIR = Path(""REVISION/osa_csa_ahi_strata_v1"")",--master-csv --output-dir
run_revision_physiology_models.py,"DEFAULT_MASTER = Path(""REVISION/master_analysis_table_primary_cohorts_v3.csv"") | DEFAULT_OUTPUT_DIR = Path(""REVISION/physiology_v1"")",--master-csv --output-dir
run_revision_posture_v1.py,REPO_ROOT = Path(__file__).resolve().parents[1],--master-csv --output-dir
run_revision_raw_bsi_sensitivity_v1.py,REPO_ROOT = Path(__file__).resolve().parents[1],--master-csv --mortality-dir --output-dir
run_revision_rem_nrem_outcomes_v1.py,REPO_ROOT = Path(__file__).resolve().parents[1],--master-csv --output-dir
run_revision_study_type_sensitivity_v1.py,REPO_ROOT = Path(__file__).resolve().parents[1],--master-csv --output-dir
sleep_general_revision_features.py,,
